id,module,category,average_score,enrollment,difficulty
1,module_35,videos,82.24,10.91,51.22
2,module_3,videos,61.66,8.89,54.57
3,module_8,team_building,68.35,12.56,86.01
4,module_16,company_info,34.17,9.78,69.55
5,module_30,videos,61.12,8.46,49.88
6,module_67,company_info,112.68,10.75,57.95
7,module_84,company_info,68.45,12.1,67.56
8,module_15,team_building,77.67,8.0,78.95
9,module_86,introduction,3.76,10.92,51.76
10,module_29,company_info,36.98,11.32,23.52
11,module_91,introduction,52.3,6.63,39.91
12,module_48,introduction,25.55,6.28,23.23
13,module_16,introduction,109.42,9.52,87.27
14,module_53,introduction,47.18,11.66,39.09
15,module_25,company_info,73.9,8.49,27.11
16,module_2,introduction,73.73,15.14,63.12
17,module_55,videos,87.85,7.77,68.51
18,module_2,company_info,39.88,12.94,42.4
19,module_4,team_building,60.97,12.28,27.65
20,module_55,introduction,78.55,9.98,74.22
21,module_49,team_building,80.93,12.21,49.04
22,module_95,company_info,60.33,8.61,94.77
23,module_71,introduction,84.5,8.67,39.06
24,module_79,videos,62.53,9.31,47.18
25,module_27,team_building,64.79,8.95,25.2
26,module_21,team_building,101.35,8.59,32.34
27,module_20,introduction,79.86,7.39,12.75
28,module_76,team_building,88.02,7.1,52.34
29,module_79,introduction,102.3,10.12,5.59
30,module_42,introduction,51.13,9.59,91.97
31,module_71,videos,43.22,8.75,96.23
32,module_32,company_info,65.17,13.91,65.43
33,module_15,team_building,91.95,12.22,114.6
34,module_43,company_info,80.42,12.77,30.66
35,module_8,company_info,77.95,12.07,55.87
36,module_56,team_building,59.3,10.33,96.85
37,module_94,introduction,77.81,9.26,65.68
38,module_37,team_building,45.91,9.89,88.73
39,module_50,company_info,109.79,14.35,65.84
40,module_86,videos,28.86,10.65,45.44
41,module_50,introduction,50.31,10.2,37.67
42,module_5,videos,61.18,10.47,17.28
43,module_98,team_building,53.07,9.29,28.73
44,module_48,videos,84.85,9.12,34.89
45,module_34,team_building,51.2,10.08,84.1
46,module_28,introduction,52.54,8.58,77.4
47,module_45,company_info,47.64,8.75,39.32
48,module_46,team_building,61.39,8.82,63.39
49,module_58,company_info,79.16,10.08,60.94
50,module_19,team_building,33.33,9.03,33.62
51,module_76,team_building,91.58,7.68,48.83
52,module_2,team_building,55.18,8.16,74.59
53,module_71,videos,82.95,7.31,58.03
54,module_8,videos,65.43,9.28,84.2
55,module_58,team_building,67.68,8.84,64.91
56,module_29,videos,107.34,9.46,10.51
57,module_54,company_info,53.51,12.14,40.83
58,module_97,videos,13.17,7.33,49.2
59,module_68,company_info,31.47,11.43,29.87
60,module_64,company_info,88.56,10.11,32.06
61,module_62,team_building,73.96,10.68,40.79
62,module_77,introduction,55.66,12.64,99.18
63,module_69,company_info,73.64,9.82,16.92
64,module_16,company_info,71.52,9.68,31.25
65,module_77,team_building,83.61,9.8,41.02
66,module_88,company_info,41.93,9.74,42.7
67,module_46,company_info,59.4,13.14,72.51
68,module_78,company_info,98.37,10.3,25.76
69,module_71,company_info,92.45,10.39,27.94
70,module_8,introduction,50.96,12.15,37.83
71,module_11,team_building,48.34,9.34,91.77
72,module_81,team_building,67.63,8.88,67.25
73,module_75,videos,101.85,9.65,88.5
74,module_1,company_info,58.48,8.81,52.91
75,module_26,company_info,76.58,10.14,71.94
76,module_66,videos,49.37,8.28,14.48
77,module_62,team_building,121.16,10.3,46.34
78,module_55,videos,76.92,11.43,35.7
79,module_22,videos,94.54,12.18,32.64
80,module_93,videos,102.23,9.1,-7.31
81,module_7,team_building,90.83,11.34,71.95
82,module_65,team_building,44.53,7.5,63.75
83,module_60,introduction,46.06,6.29,16.16
84,module_90,introduction,63.96,12.86,17.41
85,module_93,introduction,99.15,6.16,83.93
86,module_69,videos,36.84,11.68,20.43
87,module_12,team_building,49.81,9.72,65.9
88,module_21,introduction,109.7,9.6,32.13
89,module_3,introduction,56.61,9.44,51.32
90,module_79,introduction,55.45,10.38,49.8
91,module_16,videos,38.65,10.27,40.46
92,module_52,team_building,21.26,12.98,49.36
93,module_37,videos,71.21,10.23,4.58
94,module_91,company_info,79.79,11.55,4.66
95,module_25,company_info,120.69,10.0,40.19
96,module_61,videos,75.91,12.28,87.53
97,module_34,team_building,111.97,8.93,51.95
98,module_5,introduction,83.94,11.69,42.55
99,module_89,introduction,32.78,12.56,25.94
100,module_27,team_building,52.55,10.81,59.91
101,module_70,team_building,42.61,12.75,48.96
102,module_91,company_info,71.06,10.71,31.58
103,module_90,introduction,103.19,5.12,36.86
104,module_63,team_building,59.42,8.53,49.66
105,module_9,company_info,53.44,10.5,58.31
106,module_74,company_info,53.67,13.02,42.34
107,module_87,introduction,54.64,10.12,40.87
108,module_58,team_building,46.86,12.24,44.57
109,module_90,team_building,12.2,7.18,27.56
110,module_76,introduction,99.01,11.83,27.92
111,module_40,company_info,90.16,8.5,11.41
112,module_58,videos,22.0,13.75,7.6
113,module_51,introduction,48.14,11.38,-0.16
114,module_85,team_building,84.68,10.59,42.7
115,module_24,company_info,82.56,5.41,59.45
116,module_44,videos,67.17,7.72,63.97
117,module_77,team_building,60.63,15.16,31.65
118,module_28,team_building,72.43,9.04,14.08
119,module_99,team_building,85.65,9.92,91.19
120,module_25,team_building,68.03,11.61,57.07
121,module_91,introduction,57.6,9.93,60.77
122,module_97,videos,66.53,13.62,78.05
123,module_16,introduction,55.07,10.65,10.44
124,module_73,introduction,42.67,8.85,-0.51
125,module_36,videos,103.91,12.13,55.57
126,module_78,videos,76.43,9.21,60.88
127,module_27,team_building,67.82,13.96,34.07
128,module_21,company_info,71.88,10.08,69.62
129,module_23,videos,16.72,11.69,56.02
130,module_31,videos,69.05,13.14,67.95
131,module_70,videos,101.56,12.37,28.43
132,module_41,team_building,71.12,12.26,29.52
133,module_47,team_building,90.16,7.25,62.23
134,module_98,company_info,36.45,7.56,62.82
135,module_56,company_info,42.26,11.03,8.37
136,module_15,team_building,36.49,10.51,52.82
137,module_21,videos,42.37,14.27,61.44
138,module_97,team_building,48.69,9.97,78.25
139,module_59,company_info,32.41,9.21,30.15
140,module_80,videos,83.82,9.49,49.72
141,module_22,team_building,43.82,13.6,108.02
142,module_7,team_building,54.19,10.36,70.17
143,module_36,company_info,41.95,12.38,42.77
144,module_19,videos,57.12,11.65,11.83
145,module_93,company_info,101.95,10.57,47.98
146,module_68,introduction,44.51,7.58,65.24
147,module_84,company_info,45.21,8.16,39.42
148,module_15,videos,43.57,11.44,54.55
149,module_4,videos,82.64,9.78,29.32
150,module_49,introduction,79.72,8.04,35.62
151,module_2,introduction,58.08,7.6,47.1
152,module_60,team_building,51.73,9.99,74.81
153,module_85,videos,81.57,9.31,30.41
154,module_41,videos,87.19,10.05,62.35
155,module_24,introduction,108.8,10.69,-4.6
156,module_64,videos,78.61,12.02,-17.44
157,module_31,team_building,67.69,9.39,-21.42
158,module_79,team_building,20.54,13.67,57.89
159,module_94,company_info,120.35,11.95,33.45
160,module_23,introduction,91.33,8.11,91.69
161,module_37,introduction,53.54,10.59,35.02
162,module_37,team_building,73.75,6.37,50.64
163,module_11,company_info,72.66,7.31,41.36
164,module_57,introduction,47.66,11.41,48.93
165,module_74,team_building,76.82,10.3,36.2
166,module_74,team_building,79.36,6.53,68.48
167,module_78,team_building,96.57,6.83,48.84
168,module_3,introduction,35.69,11.91,46.45
169,module_67,videos,55.1,7.01,21.17
170,module_21,videos,70.98,11.91,45.2
171,module_97,company_info,86.05,8.36,43.51
172,module_90,introduction,56.68,8.54,24.17
173,module_33,company_info,83.67,11.48,25.95
174,module_60,introduction,47.83,10.22,73.2
175,module_65,introduction,88.69,11.48,44.78
176,module_66,team_building,73.02,12.79,50.88
177,module_59,company_info,82.19,10.39,40.96
178,module_6,team_building,63.7,11.38,109.23
179,module_74,videos,59.72,11.66,57.16
180,module_34,videos,84.94,10.8,62.45
181,module_87,introduction,94.18,10.12,27.55
182,module_88,team_building,51.84,7.07,43.92
183,module_28,team_building,128.71,9.79,50.24
184,module_35,team_building,74.08,12.23,27.54
185,module_84,introduction,109.13,11.09,31.72
186,module_21,videos,69.16,10.9,49.71
187,module_31,company_info,47.1,10.74,39.45
188,module_37,team_building,71.77,10.17,110.28
189,module_95,company_info,50.52,11.47,32.14
190,module_55,team_building,41.55,12.0,50.42
191,module_67,introduction,59.34,9.33,36.08
192,module_4,team_building,99.22,6.82,49.43
193,module_9,videos,94.84,10.79,35.36
194,module_61,team_building,98.12,13.4,105.33
195,module_65,team_building,49.02,9.74,12.55
196,module_6,introduction,101.65,10.13,29.18
197,module_35,company_info,56.45,13.69,69.79
198,module_52,company_info,98.42,11.68,-13.19
199,module_43,introduction,88.39,9.4,69.41
200,module_60,videos,81.09,14.1,64.04
201,module_61,team_building,73.41,12.51,52.88
202,module_32,introduction,78.87,10.2,19.36
203,module_91,videos,99.56,7.31,55.5
204,module_100,videos,59.29,14.26,10.96
205,module_18,introduction,93.64,12.18,49.92
206,module_50,videos,41.2,8.27,62.94
207,module_42,introduction,1.31,9.51,26.67
208,module_23,videos,57.58,6.42,18.5
209,module_98,team_building,77.81,11.21,53.91
210,module_58,company_info,56.13,12.66,16.59
211,module_71,introduction,110.87,11.19,59.03
212,module_47,introduction,39.61,10.68,-9.95
213,module_65,team_building,77.09,5.63,54.93
214,module_27,introduction,91.17,10.24,75.47
215,module_64,introduction,33.43,10.22,50.34
216,module_16,introduction,50.51,10.06,85.88
217,module_56,introduction,59.21,13.22,59.26
218,module_100,videos,75.7,9.57,71.99
219,module_51,videos,73.74,12.08,6.55
220,module_55,team_building,83.53,10.84,57.7
221,module_41,videos,99.61,6.83,81.81
222,module_88,videos,84.78,9.64,29.71
223,module_51,team_building,68.52,4.13,46.05
224,module_93,team_building,81.54,9.1,39.8
225,module_28,introduction,38.37,7.43,5.95
226,module_26,introduction,48.82,8.34,40.87
227,module_53,team_building,69.88,11.09,89.43
228,module_11,company_info,56.68,7.6,43.31
229,module_6,introduction,67.54,8.97,81.88
230,module_27,team_building,87.8,10.35,89.83
231,module_48,videos,67.95,9.26,34.65
232,module_46,team_building,25.65,6.14,44.54
233,module_33,team_building,49.22,9.1,45.41
234,module_77,team_building,69.09,8.5,34.51
235,module_86,team_building,66.24,9.17,57.64
236,module_81,introduction,50.89,7.16,68.79
237,module_91,company_info,75.51,8.56,55.36
238,module_78,introduction,67.64,9.89,51.28
239,module_33,team_building,70.38,9.47,71.27
240,module_100,videos,87.02,7.89,28.45
241,module_37,team_building,101.95,12.52,25.01
242,module_36,team_building,96.66,7.73,-0.62
243,module_86,introduction,108.44,5.79,-25.35
244,module_87,introduction,82.25,8.8,68.51
245,module_27,company_info,87.84,10.21,67.69
246,module_58,introduction,71.09,11.02,10.05
247,module_10,introduction,73.31,11.78,87.37
248,module_35,videos,57.63,6.62,75.65
249,module_91,videos,83.13,13.16,85.01
250,module_35,team_building,56.45,10.14,40.87
251,module_31,introduction,80.7,10.85,17.1
252,module_14,team_building,87.84,11.27,58.63
253,module_71,introduction,22.46,7.49,62.81
254,module_60,videos,22.93,8.86,34.14
255,module_2,company_info,51.69,13.74,57.02
256,module_21,introduction,46.85,8.43,36.33
257,module_64,team_building,65.05,11.0,54.73
258,module_66,company_info,37.96,13.21,32.63
259,module_76,company_info,90.92,11.13,85.19
260,module_70,introduction,49.6,11.11,84.5
261,module_6,company_info,91.7,11.2,46.55
262,module_10,videos,71.03,10.76,61.88
263,module_50,introduction,118.9,10.18,62.52
264,module_32,company_info,50.6,11.34,23.35
265,module_87,company_info,75.47,11.2,77.91
266,module_39,videos,62.88,14.62,67.9
267,module_23,company_info,66.98,11.11,55.56
268,module_22,introduction,65.63,13.2,9.36
269,module_25,introduction,67.02,8.77,19.71
270,module_80,videos,43.09,8.74,31.39
271,module_63,videos,79.94,10.14,81.26
272,module_47,videos,103.63,8.56,24.82
273,module_52,company_info,69.05,8.5,67.26
274,module_42,company_info,40.0,7.78,31.79
275,module_10,team_building,97.4,9.81,78.07
276,module_85,introduction,67.87,11.85,59.34
277,module_30,introduction,73.74,8.51,59.68
278,module_40,company_info,46.71,8.68,46.0
279,module_74,introduction,128.09,6.2,34.57
280,module_39,team_building,85.03,8.69,59.48
281,module_91,company_info,45.14,7.81,57.16
282,module_49,videos,82.02,12.42,-1.19
283,module_98,company_info,63.84,12.69,55.39
284,module_20,introduction,58.65,10.48,92.32
285,module_66,company_info,41.47,10.8,23.32
286,module_55,videos,47.44,12.2,28.72
287,module_82,company_info,34.04,8.44,36.5
288,module_16,videos,38.99,11.75,-4.52
289,module_35,videos,53.09,7.81,37.62
290,module_99,team_building,70.13,10.16,44.94
291,module_6,videos,84.26,6.56,43.51
292,module_31,team_building,96.53,9.92,36.11
293,module_56,videos,52.45,9.79,43.96
294,module_10,company_info,68.28,10.86,68.21
295,module_72,introduction,39.1,11.7,7.43
296,module_73,introduction,104.75,13.66,74.04
297,module_47,team_building,43.68,14.67,11.26
298,module_17,videos,50.29,7.98,80.51
299,module_100,introduction,57.05,11.03,51.31
300,module_40,videos,110.11,11.33,74.42
301,module_74,company_info,55.42,11.18,31.68
302,module_63,videos,96.87,7.63,19.8
303,module_71,team_building,99.48,13.34,67.75
304,module_73,company_info,59.11,10.45,77.24
305,module_56,videos,94.41,8.08,23.99
306,module_49,videos,60.11,10.43,76.27
307,module_55,videos,52.88,9.91,60.66
308,module_16,company_info,134.38,9.11,56.95
309,module_48,team_building,22.97,12.4,5.01
310,module_56,introduction,83.09,8.01,67.5
311,module_65,videos,59.98,8.08,88.51
312,module_13,team_building,49.14,12.61,15.61
313,module_43,team_building,77.93,8.44,50.93
314,module_23,company_info,51.47,11.26,99.8
315,module_41,introduction,103.18,7.58,51.14
316,module_92,team_building,145.74,10.68,65.53
317,module_96,introduction,116.44,10.76,74.62
318,module_12,team_building,42.22,12.17,17.65
319,module_11,videos,51.86,10.2,29.18
320,module_28,company_info,91.94,11.78,97.9
321,module_52,company_info,84.32,10.29,42.39
322,module_94,introduction,110.26,9.13,0.8
323,module_50,company_info,53.1,8.07,12.86
324,module_89,introduction,19.35,10.3,68.98
325,module_80,company_info,73.02,10.41,82.51
326,module_98,team_building,69.9,11.91,27.19
327,module_35,company_info,68.62,9.66,71.13
328,module_51,introduction,47.24,9.2,51.4
329,module_32,company_info,55.02,9.87,37.3
330,module_27,videos,49.83,12.72,76.8
331,module_21,team_building,61.95,9.54,3.57
332,module_100,introduction,68.99,9.98,34.11
333,module_83,team_building,42.66,10.1,28.2
334,module_9,introduction,45.75,10.02,23.84
335,module_37,introduction,46.71,10.81,62.14
336,module_22,team_building,74.18,7.78,25.02
337,module_42,videos,34.91,8.28,58.65
338,module_23,team_building,1.33,10.26,47.76
339,module_75,videos,57.25,5.79,58.86
340,module_73,introduction,104.64,9.81,52.36
341,module_92,team_building,35.04,15.85,66.77
342,module_41,videos,56.52,9.29,42.56
343,module_67,company_info,96.2,9.78,35.68
344,module_62,team_building,107.71,7.42,6.29
345,module_41,team_building,107.89,8.6,20.79
346,module_40,introduction,65.58,8.29,67.58
347,module_58,introduction,36.77,6.98,53.22
348,module_13,team_building,71.69,11.3,40.29
349,module_70,team_building,78.51,11.06,50.91
350,module_88,team_building,40.23,13.73,39.36
351,module_55,team_building,66.3,10.78,46.0
352,module_25,company_info,98.39,11.69,69.14
353,module_65,company_info,67.04,8.77,50.87
354,module_77,company_info,50.44,8.93,29.91
355,module_9,videos,58.67,7.73,59.91
356,module_85,team_building,58.11,10.96,96.88
357,module_28,company_info,46.72,12.86,71.95
358,module_42,company_info,61.27,4.84,70.94
359,module_32,company_info,51.33,9.59,38.68
360,module_84,team_building,69.04,10.72,53.29
361,module_36,videos,79.56,12.82,73.99
362,module_13,introduction,80.83,11.66,65.2
363,module_88,videos,100.02,10.18,95.09
364,module_38,company_info,98.79,11.12,31.09
365,module_40,company_info,68.28,8.55,62.28
366,module_54,videos,40.03,12.33,18.64
367,module_45,introduction,48.53,12.28,9.95
368,module_48,introduction,82.59,8.59,76.4
369,module_3,company_info,72.65,10.54,43.63
370,module_91,company_info,58.0,9.26,28.46
371,module_57,introduction,92.77,7.62,43.07
372,module_78,team_building,74.59,7.93,23.16
373,module_26,company_info,60.37,9.76,58.56
374,module_22,introduction,44.55,9.37,58.98
375,module_8,videos,59.77,10.5,23.44
376,module_88,team_building,61.91,8.16,9.56
377,module_61,videos,44.99,9.55,62.38
378,module_76,introduction,90.31,12.67,53.71
379,module_32,team_building,42.5,14.37,107.94
380,module_66,videos,83.09,6.34,30.78
381,module_58,company_info,42.78,9.15,44.73
382,module_92,videos,29.03,7.78,73.47
383,module_73,introduction,49.91,12.16,90.93
384,module_17,introduction,70.16,8.52,4.33
385,module_78,company_info,100.88,7.37,66.69
386,module_66,introduction,27.1,11.57,10.47
387,module_48,company_info,61.29,8.3,76.32
388,module_94,videos,82.1,9.9,53.04
389,module_57,introduction,39.7,9.64,11.47
390,module_27,company_info,53.86,9.41,51.38
391,module_47,introduction,48.31,12.03,55.79
392,module_44,team_building,66.29,11.26,52.05
393,module_57,introduction,124.88,11.28,75.83
394,module_59,videos,58.09,9.02,30.94
395,module_75,company_info,64.02,12.08,75.47
396,module_22,introduction,64.1,7.75,67.57
397,module_35,team_building,100.1,7.63,54.56
398,module_44,company_info,73.03,9.3,63.25
399,module_20,team_building,52.54,8.44,90.27
400,module_15,company_info,84.78,6.34,36.7
401,module_15,company_info,78.24,9.94,80.47
402,module_18,team_building,78.21,12.56,88.97
403,module_49,introduction,115.59,8.39,66.04
404,module_72,videos,42.99,10.8,36.35
405,module_66,videos,25.72,11.62,60.98
406,module_36,introduction,24.43,9.86,42.2
407,module_44,company_info,47.08,11.41,96.06
408,module_32,company_info,67.46,11.76,78.12
409,module_65,introduction,54.08,11.74,34.44
410,module_29,company_info,66.94,11.83,61.8
411,module_86,videos,117.56,9.71,43.23
412,module_99,company_info,87.75,9.9,29.49
413,module_47,company_info,85.73,9.46,61.8
414,module_88,introduction,75.42,11.19,55.73
415,module_24,company_info,30.05,10.58,74.78
416,module_47,company_info,58.48,14.3,52.57
417,module_40,team_building,69.23,9.88,50.15
418,module_78,team_building,75.2,10.18,70.72
419,module_95,company_info,71.08,9.01,19.61
420,module_48,company_info,71.84,12.9,37.5
421,module_46,introduction,95.97,11.06,101.17
422,module_56,introduction,68.53,13.45,61.14
423,module_62,team_building,124.1,10.38,22.94
424,module_77,videos,70.24,10.39,42.56
425,module_74,introduction,57.24,9.82,62.29
426,module_84,introduction,69.83,8.52,103.77
427,module_59,videos,57.4,8.28,37.29
428,module_44,team_building,84.08,9.96,44.51
429,module_29,videos,27.51,10.46,-9.2
430,module_83,company_info,80.92,8.97,20.54
431,module_3,videos,55.09,10.34,55.27
432,module_36,team_building,108.36,11.78,39.79
433,module_98,videos,69.64,6.95,39.48
434,module_91,introduction,103.74,13.89,69.85
435,module_35,team_building,58.16,8.36,23.5
436,module_59,introduction,64.29,9.78,38.16
437,module_9,team_building,59.92,8.36,85.06
438,module_60,introduction,39.37,9.53,62.27
439,module_11,company_info,56.59,9.6,62.19
440,module_47,company_info,66.69,8.09,59.68
441,module_34,company_info,77.39,8.41,21.7
442,module_51,videos,66.91,8.62,87.02
443,module_13,videos,83.11,9.05,29.16
444,module_3,introduction,95.83,11.08,47.91
445,module_67,introduction,75.17,8.1,60.28
446,module_75,company_info,104.25,12.77,56.96
447,module_81,videos,83.68,7.21,105.24
448,module_7,company_info,42.68,11.86,47.89
449,module_66,team_building,50.37,15.42,80.21
450,module_25,company_info,59.58,10.68,15.44
451,module_15,introduction,60.65,11.28,42.08
452,module_20,company_info,81.57,11.92,35.22
453,module_37,company_info,90.09,11.48,47.93
454,module_99,videos,78.41,9.38,55.15
455,module_21,company_info,84.63,8.87,84.66
456,module_14,team_building,71.06,8.53,100.19
457,module_39,introduction,56.55,10.18,57.57
458,module_36,team_building,71.07,10.6,71.43
459,module_100,introduction,67.98,8.65,70.24
460,module_29,team_building,102.88,9.89,61.42
461,module_50,team_building,55.11,9.79,65.02
462,module_51,introduction,139.7,10.37,36.17
463,module_73,videos,69.55,11.63,64.96
464,module_72,videos,85.55,9.57,51.74
465,module_15,team_building,64.57,10.01,5.92
466,module_47,team_building,55.87,6.51,57.97
467,module_69,team_building,78.45,9.46,60.62
468,module_77,introduction,37.71,7.59,50.51
469,module_71,company_info,67.66,9.99,81.29
470,module_56,team_building,65.33,5.12,45.34
471,module_46,introduction,110.3,7.68,37.1
472,module_85,videos,60.65,9.06,25.41
473,module_18,team_building,82.79,7.99,75.09
474,module_85,videos,41.6,5.6,67.57
475,module_58,team_building,90.27,10.5,26.61
476,module_26,videos,35.55,12.29,9.18
477,module_59,introduction,84.49,10.38,67.13
478,module_78,introduction,30.31,11.13,77.95
479,module_7,company_info,76.41,9.74,44.74
480,module_98,company_info,47.87,7.22,75.46
481,module_59,videos,69.63,12.89,47.13
482,module_18,introduction,69.28,9.01,29.85
483,module_94,team_building,53.35,10.48,18.57
484,module_76,videos,56.47,8.03,58.36
485,module_35,introduction,65.78,6.54,72.78
486,module_64,introduction,75.75,8.81,36.66
487,module_8,team_building,59.7,10.83,48.33
488,module_20,company_info,29.65,8.48,85.91
489,module_27,company_info,49.93,10.19,46.79
490,module_31,company_info,76.43,6.64,39.44
491,module_89,introduction,103.42,11.27,101.0
492,module_59,videos,95.12,9.15,19.49
493,module_30,company_info,62.48,14.0,44.67
494,module_59,company_info,36.39,10.88,46.57
495,module_26,videos,87.4,11.17,83.32
496,module_17,introduction,72.75,9.79,51.16
497,module_66,introduction,86.02,9.95,14.16
498,module_16,team_building,82.55,7.52,50.88
499,module_37,team_building,80.75,9.6,52.65
500,module_75,team_building,95.94,12.44,67.13
501,module_86,introduction,22.7,6.26,54.66
502,module_94,introduction,94.09,10.27,53.88
503,module_96,team_building,74.11,11.81,56.85
504,module_83,company_info,69.93,9.99,37.55
505,module_31,company_info,48.4,12.98,65.66
506,module_72,company_info,44.06,9.43,52.84
507,module_32,company_info,93.23,10.75,44.85
508,module_31,videos,49.31,11.72,68.31
509,module_35,company_info,62.39,11.27,91.43
510,module_38,team_building,53.88,11.62,42.5
511,module_13,team_building,77.23,9.07,42.9
512,module_35,team_building,66.66,8.2,72.12
513,module_37,team_building,65.11,13.15,42.4
514,module_62,team_building,76.5,10.35,29.37
515,module_81,videos,54.46,14.13,43.06
516,module_4,company_info,75.77,12.97,51.0
517,module_85,videos,52.28,13.53,55.95
518,module_75,introduction,43.03,8.78,60.92
519,module_33,introduction,75.21,11.43,15.53
520,module_38,team_building,110.74,12.35,68.23
521,module_74,videos,59.67,12.8,44.09
522,module_97,company_info,66.41,10.26,29.3
523,module_46,company_info,40.34,13.84,32.07
524,module_96,company_info,81.01,12.12,71.85
525,module_72,videos,91.89,15.27,42.19
526,module_83,videos,88.28,11.88,41.09
527,module_57,introduction,53.97,11.24,44.24
528,module_36,introduction,71.82,10.36,65.66
529,module_52,introduction,75.19,9.94,49.7
530,module_77,videos,80.92,9.27,87.81
531,module_16,company_info,60.58,7.6,33.26
532,module_99,introduction,99.41,9.04,66.08
533,module_69,team_building,53.27,10.77,29.94
534,module_98,company_info,45.34,7.74,42.65
535,module_7,videos,10.77,8.02,42.86
536,module_72,introduction,65.19,9.63,73.69
537,module_29,company_info,56.44,8.17,79.34
538,module_58,introduction,80.82,9.56,45.38
539,module_45,videos,87.18,12.52,66.45
540,module_50,introduction,40.93,7.22,36.94
541,module_19,introduction,50.37,11.8,19.04
542,module_41,videos,78.48,9.68,64.56
543,module_77,videos,79.03,8.56,23.45
544,module_71,team_building,87.45,13.67,55.49
545,module_23,company_info,61.15,11.54,37.46
546,module_84,videos,25.42,10.88,23.21
547,module_26,company_info,79.74,6.75,24.67
548,module_80,introduction,84.69,9.17,76.31
549,module_44,team_building,88.0,11.66,52.78
550,module_97,introduction,80.64,12.15,57.72
551,module_9,introduction,90.98,5.98,61.01
552,module_50,team_building,46.1,12.39,38.24
553,module_30,videos,47.05,7.9,36.15
554,module_15,company_info,34.83,8.86,62.84
555,module_42,videos,52.42,9.59,82.08
556,module_38,introduction,109.78,12.59,27.43
557,module_2,team_building,72.21,12.46,55.2
558,module_9,introduction,70.02,8.46,74.99
559,module_51,introduction,68.84,10.9,81.41
560,module_86,team_building,90.02,6.14,17.73
561,module_97,company_info,53.05,13.61,116.75
562,module_3,introduction,73.53,9.5,66.96
563,module_59,company_info,88.65,10.93,37.31
564,module_31,team_building,78.48,6.83,56.22
565,module_43,company_info,87.67,11.25,32.83
566,module_13,team_building,63.62,9.88,50.18
567,module_100,introduction,81.95,11.12,74.14
568,module_62,company_info,88.24,11.24,55.81
569,module_19,team_building,73.17,11.28,76.79
570,module_73,introduction,59.41,10.98,26.67
571,module_24,introduction,65.39,12.91,57.76
572,module_42,company_info,71.95,11.49,80.9
573,module_51,introduction,90.62,14.68,20.35
574,module_97,videos,70.76,8.37,25.91
575,module_59,company_info,93.83,7.92,83.65
576,module_84,introduction,118.29,11.97,53.78
577,module_16,team_building,44.44,5.44,82.09
578,module_5,company_info,71.74,10.14,50.88
579,module_65,company_info,36.37,14.14,48.47
580,module_58,team_building,60.33,4.94,63.85
581,module_24,introduction,62.83,7.11,66.03
582,module_94,videos,68.29,12.18,62.35
583,module_80,team_building,61.33,8.19,80.84
584,module_60,videos,46.32,9.54,72.88
585,module_37,videos,27.16,12.06,88.35
586,module_74,team_building,39.66,9.54,62.68
587,module_48,videos,117.94,10.1,59.68
588,module_48,team_building,89.37,6.92,18.21
589,module_92,company_info,98.41,10.19,44.68
590,module_42,company_info,64.74,12.74,39.48
591,module_46,team_building,65.67,10.36,57.21
592,module_22,team_building,77.26,9.38,51.71
593,module_60,introduction,69.92,13.49,22.81
594,module_12,videos,56.84,8.18,54.8
595,module_57,team_building,72.14,4.75,42.89
596,module_39,company_info,85.57,9.15,33.19
597,module_35,company_info,62.15,10.53,79.58
598,module_10,company_info,92.64,9.05,45.55
599,module_4,company_info,64.33,12.09,75.09
600,module_59,team_building,46.53,5.83,48.32
601,module_29,team_building,110.52,12.55,26.91
602,module_90,introduction,48.79,13.3,47.55
603,module_2,company_info,66.75,11.83,57.4
604,module_99,team_building,92.76,8.97,59.72
605,module_34,team_building,59.7,8.8,39.88
606,module_46,introduction,77.36,11.28,25.77
607,module_20,team_building,65.79,10.1,44.25
608,module_38,videos,86.68,12.77,64.07
609,module_22,team_building,71.85,11.09,20.02
610,module_52,company_info,128.26,11.88,53.07
611,module_88,introduction,74.02,9.26,53.43
612,module_74,company_info,72.87,9.45,55.23
613,module_17,team_building,69.5,10.8,36.77
614,module_1,team_building,39.59,12.78,19.28
615,module_70,videos,69.47,7.04,35.13
616,module_60,videos,112.63,9.75,57.42
617,module_95,videos,65.24,12.95,58.15
618,module_92,videos,84.41,7.36,61.08
619,module_31,team_building,112.19,11.38,31.0
620,module_76,introduction,79.89,9.78,31.58
621,module_19,team_building,108.24,9.59,45.83
622,module_36,team_building,93.84,12.75,40.34
623,module_4,company_info,85.02,10.76,24.82
624,module_72,company_info,116.01,13.11,81.47
625,module_57,team_building,89.45,8.65,42.38
626,module_38,team_building,50.74,13.34,55.44
627,module_40,company_info,44.91,10.49,49.06
628,module_30,videos,68.63,8.99,60.59
629,module_70,introduction,73.11,7.6,21.17
630,module_58,videos,74.88,10.58,32.92
631,module_38,videos,47.37,6.69,-3.14
632,module_48,company_info,58.19,7.55,60.67
633,module_13,introduction,105.81,10.77,67.68
634,module_88,company_info,25.74,7.21,35.16
635,module_3,company_info,101.75,12.11,21.98
636,module_12,videos,23.53,11.4,87.08
637,module_5,company_info,90.54,8.88,38.1
638,module_99,introduction,102.11,9.44,28.09
639,module_95,company_info,23.33,14.78,30.83
640,module_94,introduction,52.87,8.74,41.82
641,module_79,team_building,91.02,10.98,41.07
642,module_32,team_building,76.52,11.51,77.55
643,module_82,videos,57.7,10.16,8.52
644,module_46,company_info,83.76,11.33,77.35
645,module_39,introduction,57.01,10.09,51.8
646,module_9,team_building,53.45,8.53,29.78
647,module_76,introduction,66.83,14.13,65.6
648,module_21,videos,86.16,9.36,71.27
649,module_59,team_building,95.39,9.07,35.37
650,module_15,introduction,80.79,11.53,44.39
651,module_90,company_info,87.9,9.31,44.46
652,module_12,company_info,68.59,9.63,34.05
653,module_59,videos,70.64,12.91,47.18
654,module_11,introduction,89.59,5.3,54.99
655,module_92,company_info,61.61,9.59,46.51
656,module_28,company_info,84.29,9.42,32.11
657,module_75,introduction,95.77,7.9,78.58
658,module_14,team_building,75.64,11.23,-21.06
659,module_79,videos,79.44,10.1,93.82
660,module_79,introduction,74.13,12.18,30.8
661,module_97,introduction,28.41,9.72,88.07
662,module_50,team_building,31.73,11.87,58.64
663,module_56,company_info,60.64,13.98,44.49
664,module_74,introduction,48.38,12.33,51.16
665,module_65,videos,41.22,8.84,58.15
666,module_5,team_building,34.42,11.05,42.98
667,module_8,team_building,95.46,8.93,55.97
668,module_27,company_info,54.88,10.58,63.61
669,module_33,team_building,63.88,12.26,53.27
670,module_52,introduction,55.96,9.84,77.09
671,module_5,introduction,75.24,11.59,66.1
672,module_59,team_building,62.97,6.73,59.23
673,module_58,introduction,38.92,8.93,70.11
674,module_52,videos,75.87,6.92,48.49
675,module_30,introduction,51.22,10.95,82.12
676,module_48,team_building,35.62,8.27,59.06
677,module_74,videos,72.58,9.2,54.0
678,module_5,videos,58.1,9.81,46.68
679,module_1,company_info,66.49,11.08,73.28
680,module_4,videos,120.71,8.67,18.72
681,module_24,team_building,64.82,9.95,20.05
682,module_55,videos,73.7,11.38,48.97
683,module_23,company_info,78.1,9.3,79.17
684,module_48,videos,59.92,8.69,39.67
685,module_75,introduction,52.12,10.7,42.29
686,module_77,company_info,85.92,7.54,40.8
687,module_74,introduction,99.4,6.79,61.19
688,module_44,company_info,60.85,11.91,87.87
689,module_99,introduction,20.49,11.17,80.77
690,module_28,company_info,42.58,12.78,62.94
691,module_54,company_info,104.35,9.9,67.42
692,module_28,team_building,88.64,9.96,54.61
693,module_4,videos,91.63,12.35,17.89
694,module_69,introduction,45.35,7.72,115.62
695,module_56,introduction,96.98,17.39,57.78
696,module_16,team_building,82.4,10.78,34.95
697,module_1,introduction,79.07,11.52,72.72
698,module_38,company_info,60.8,6.79,51.73
699,module_90,introduction,59.81,7.32,77.6
700,module_97,team_building,68.0,8.66,49.18
701,module_74,team_building,41.59,8.55,52.95
702,module_9,videos,72.88,10.36,37.63
703,module_38,company_info,45.66,11.74,53.77
704,module_14,team_building,88.91,12.41,54.68
705,module_96,company_info,77.61,10.69,12.7
706,module_19,videos,49.78,9.95,52.84
707,module_52,company_info,121.05,11.73,56.73
708,module_64,videos,54.37,10.36,40.9
709,module_70,company_info,69.81,7.4,31.64
710,module_17,videos,66.45,11.31,83.76
711,module_26,team_building,92.97,11.24,73.43
712,module_95,introduction,68.03,12.51,60.57
713,module_77,team_building,93.42,6.73,80.27
714,module_63,introduction,65.57,8.12,32.31
715,module_15,company_info,106.63,9.39,65.25
716,module_46,team_building,110.05,10.45,31.63
717,module_2,videos,61.89,9.38,67.25
718,module_70,company_info,93.04,7.52,104.59
719,module_97,company_info,54.0,12.68,70.48
720,module_70,introduction,32.64,13.52,61.66
721,module_57,team_building,22.25,11.09,78.59
722,module_36,videos,47.1,11.2,33.66
723,module_78,team_building,55.85,8.2,25.03
724,module_48,videos,56.7,8.64,35.82
725,module_82,videos,62.43,9.29,43.07
726,module_4,company_info,103.04,9.45,77.09
727,module_73,team_building,68.78,7.42,74.13
728,module_82,company_info,87.02,7.68,50.08
729,module_17,videos,50.77,10.85,27.55
730,module_61,videos,84.12,12.07,50.93
731,module_16,company_info,35.48,12.08,62.77
732,module_17,introduction,67.29,8.67,22.7
733,module_9,company_info,51.98,6.55,51.68
734,module_11,company_info,64.15,11.32,26.15
735,module_15,videos,38.42,10.77,82.38
736,module_56,company_info,75.31,11.09,59.81
737,module_74,introduction,112.39,11.1,70.58
738,module_12,team_building,44.54,10.49,69.31
739,module_95,introduction,99.84,10.66,41.22
740,module_28,videos,66.68,11.54,82.46
741,module_44,company_info,47.12,5.77,38.18
742,module_56,team_building,51.41,11.69,61.92
743,module_39,videos,89.54,11.05,78.62
744,module_34,company_info,88.24,5.37,63.8
745,module_50,videos,100.35,10.28,36.69
746,module_45,introduction,24.55,10.88,51.95
747,module_99,introduction,80.59,11.82,8.19
748,module_86,company_info,39.76,10.98,48.1
749,module_7,introduction,50.18,10.69,79.85
750,module_17,company_info,102.5,10.01,45.87
751,module_60,introduction,63.51,11.62,48.18
752,module_46,introduction,65.56,10.47,46.92
753,module_21,team_building,75.55,9.86,67.96
754,module_46,videos,82.75,11.22,29.15
755,module_8,team_building,91.46,9.88,38.49
756,module_25,videos,53.49,11.62,55.09
757,module_46,team_building,54.84,8.98,42.64
758,module_42,introduction,88.4,12.15,13.02
759,module_26,team_building,69.52,6.69,77.65
760,module_75,introduction,59.54,13.75,78.52
761,module_38,company_info,74.05,8.39,63.54
762,module_42,introduction,68.52,12.07,32.57
763,module_40,team_building,92.92,11.36,43.6
764,module_49,company_info,66.57,10.74,23.03
765,module_2,videos,68.95,10.33,92.88
766,module_35,videos,107.91,9.0,80.12
767,module_5,company_info,76.13,11.28,22.63
768,module_20,team_building,73.39,10.37,86.54
769,module_57,introduction,64.48,11.6,34.88
770,module_80,team_building,136.58,5.1,60.39
771,module_10,videos,69.07,8.83,37.25
772,module_97,videos,97.84,7.84,-7.88
773,module_27,introduction,116.2,9.73,53.72
774,module_98,introduction,38.29,12.06,18.85
775,module_65,company_info,72.31,9.66,49.76
776,module_80,videos,124.9,9.12,39.2
777,module_100,videos,53.16,7.77,51.22
778,module_73,videos,64.26,12.92,44.63
779,module_36,introduction,44.84,10.38,82.56
780,module_26,company_info,52.45,11.19,7.17
781,module_97,company_info,81.03,16.08,95.14
782,module_23,videos,79.78,10.67,39.13
783,module_88,introduction,75.28,7.87,47.22
784,module_13,team_building,98.51,12.34,48.66
785,module_31,introduction,79.26,11.7,5.33
786,module_48,company_info,84.5,10.59,32.19
787,module_61,videos,46.16,8.46,-3.8
788,module_26,introduction,39.27,12.86,67.24
789,module_73,team_building,71.66,8.82,54.6
790,module_29,videos,100.88,8.93,44.85
791,module_21,team_building,90.05,8.79,34.98
792,module_59,videos,53.38,4.43,17.04
793,module_25,company_info,102.5,10.05,61.92
794,module_11,company_info,50.07,11.38,56.37
795,module_11,team_building,48.85,11.92,45.13
796,module_82,company_info,61.26,8.83,64.16
797,module_80,team_building,60.27,9.53,56.84
798,module_80,company_info,66.32,13.5,58.2
799,module_56,team_building,84.87,10.3,38.82
800,module_86,videos,62.46,8.33,61.22
801,module_62,team_building,62.9,13.04,15.42
802,module_63,videos,111.15,12.61,22.78
803,module_49,introduction,59.9,9.13,37.3
804,module_42,introduction,66.11,8.6,35.56
805,module_63,videos,49.28,9.89,83.86
806,module_94,introduction,80.53,8.55,21.17
807,module_9,company_info,50.46,8.33,13.85
808,module_15,team_building,97.94,9.57,52.04
809,module_63,videos,53.13,9.95,34.01
810,module_91,company_info,47.04,8.42,41.19
811,module_87,introduction,52.59,7.02,59.9
812,module_81,team_building,53.36,13.73,39.46
813,module_65,team_building,55.79,8.38,42.71
814,module_66,videos,77.36,8.94,36.78
815,module_36,introduction,75.27,10.75,37.57
816,module_7,videos,20.85,9.2,73.35
817,module_29,videos,88.84,11.07,27.48
818,module_64,team_building,38.15,10.27,46.38
819,module_87,videos,27.48,11.92,49.23
820,module_20,team_building,81.35,11.7,35.22
821,module_34,videos,67.56,9.18,92.41
822,module_31,videos,98.46,8.89,56.88
823,module_56,company_info,83.9,7.33,35.79
824,module_18,videos,113.92,7.71,52.97
825,module_15,team_building,63.6,11.28,57.86
826,module_95,team_building,43.41,9.94,89.43
827,module_68,introduction,106.57,10.9,92.18
828,module_30,company_info,90.98,11.25,49.29
829,module_53,videos,76.11,10.99,45.05
830,module_80,team_building,61.83,13.72,76.79
831,module_96,team_building,66.98,12.53,20.55
832,module_73,team_building,82.09,9.67,54.98
833,module_31,videos,106.31,10.47,39.78
834,module_15,introduction,76.13,10.37,66.36
835,module_40,team_building,47.59,7.87,49.98
836,module_85,company_info,88.77,12.68,63.96
837,module_94,introduction,69.67,8.36,59.49
838,module_95,team_building,115.32,10.83,-5.95
839,module_59,videos,39.18,7.86,77.15
840,module_61,team_building,21.24,7.48,75.51
841,module_15,videos,111.1,7.49,73.7
842,module_32,videos,93.2,9.94,30.17
843,module_81,company_info,52.97,8.32,60.01
844,module_42,company_info,83.49,9.51,39.11
845,module_81,videos,61.53,13.78,45.42
846,module_28,introduction,25.43,5.3,53.24
847,module_20,introduction,81.39,6.49,50.72
848,module_31,videos,49.51,12.58,31.57
849,module_92,company_info,18.25,9.41,59.52
850,module_74,company_info,52.29,6.77,46.14
851,module_59,company_info,68.15,9.63,61.32
852,module_51,team_building,95.8,10.23,38.11
853,module_65,team_building,76.32,7.18,53.64
854,module_63,team_building,60.88,12.25,64.38
855,module_75,introduction,57.46,13.62,40.87
856,module_48,introduction,59.54,12.33,57.98
857,module_11,team_building,124.89,11.46,84.75
858,module_6,introduction,104.92,9.22,39.24
859,module_48,team_building,60.31,10.24,49.81
860,module_19,videos,91.25,10.2,38.39
861,module_11,team_building,54.57,10.43,28.28
862,module_42,company_info,43.34,10.22,51.02
863,module_13,videos,106.39,10.15,32.18
864,module_69,videos,55.41,7.89,13.99
865,module_91,videos,52.89,13.34,57.25
866,module_12,introduction,36.7,11.75,24.82
867,module_61,team_building,115.2,12.84,77.88
868,module_77,team_building,83.86,12.77,10.74
869,module_76,videos,74.1,15.48,37.11
870,module_64,videos,97.49,10.05,56.01
871,module_80,introduction,71.26,5.47,85.69
872,module_21,team_building,124.9,7.46,21.31
873,module_94,team_building,99.28,11.86,76.38
874,module_74,introduction,86.64,7.0,84.04
875,module_65,team_building,57.54,10.56,60.98
876,module_23,introduction,45.22,12.44,63.55
877,module_3,team_building,117.43,10.48,106.33
878,module_7,videos,35.98,7.28,47.93
879,module_21,introduction,88.43,11.88,57.29
880,module_35,videos,77.56,10.08,35.29
881,module_20,videos,98.08,8.8,33.85
882,module_35,introduction,42.62,8.59,14.14
883,module_62,introduction,75.52,8.48,41.12
884,module_74,videos,52.59,8.49,24.26
885,module_58,company_info,56.38,7.06,25.46
886,module_4,company_info,42.0,9.75,39.77
887,module_3,videos,52.34,5.15,41.59
888,module_95,team_building,58.91,14.15,53.11
889,module_99,introduction,49.01,9.93,34.0
890,module_47,team_building,66.3,9.2,52.16
891,module_15,introduction,63.97,11.06,40.27
892,module_68,company_info,113.29,13.04,49.03
893,module_6,company_info,31.22,12.84,7.98
894,module_58,company_info,59.26,9.95,34.59
895,module_38,team_building,89.68,9.26,19.7
896,module_60,company_info,80.24,8.14,82.89
897,module_7,videos,51.97,11.14,43.73
898,module_74,team_building,97.36,13.71,80.76
899,module_37,company_info,46.95,12.69,53.17
900,module_76,videos,109.5,5.89,29.05
901,module_91,company_info,93.28,12.26,89.23
902,module_45,company_info,70.42,10.45,69.76
903,module_37,team_building,84.88,10.4,48.39
904,module_16,team_building,-13.18,10.58,22.6
905,module_44,introduction,66.79,10.67,74.02
906,module_8,team_building,105.75,9.82,56.23
907,module_29,team_building,55.81,9.08,30.17
908,module_47,videos,61.74,6.02,29.5
909,module_89,introduction,49.7,10.56,74.8
910,module_38,videos,59.4,9.81,51.04
911,module_71,videos,61.89,10.26,42.5
912,module_45,videos,49.41,5.74,36.46
913,module_18,introduction,86.57,10.72,46.18
914,module_47,videos,111.52,12.8,54.44
915,module_100,team_building,101.63,10.56,46.39
916,module_53,team_building,99.86,10.61,30.85
917,module_1,videos,40.67,8.87,42.52
918,module_49,introduction,80.25,9.19,51.9
919,module_7,videos,52.04,10.24,42.48
920,module_4,introduction,43.3,13.08,42.19
921,module_46,introduction,68.05,13.64,45.13
922,module_17,team_building,101.77,6.85,44.06
923,module_71,company_info,78.94,11.02,71.45
924,module_93,videos,90.44,8.92,69.78
925,module_10,company_info,38.72,13.29,62.94
926,module_54,team_building,47.72,11.08,64.19
927,module_29,introduction,56.72,8.37,30.17
928,module_47,videos,41.57,10.94,55.73
929,module_89,company_info,95.25,12.0,61.76
930,module_14,company_info,24.41,10.55,75.54
931,module_74,company_info,40.92,11.87,23.4
932,module_56,videos,70.9,9.9,60.12
933,module_70,introduction,69.28,12.55,108.45
934,module_13,videos,62.2,6.46,65.73
935,module_73,introduction,61.07,12.93,21.96
936,module_56,team_building,93.25,9.33,39.01
937,module_62,introduction,76.35,7.87,76.35
938,module_2,company_info,84.67,10.22,41.16
939,module_58,introduction,33.93,11.04,-7.55
940,module_57,team_building,42.53,11.25,92.91
941,module_95,videos,16.83,8.45,61.38
942,module_89,company_info,57.05,5.48,49.29
943,module_40,introduction,60.0,4.54,33.74
944,module_87,videos,22.93,9.42,56.68
945,module_64,team_building,95.33,10.17,61.27
946,module_73,videos,73.0,9.64,35.6
947,module_16,team_building,7.73,6.89,41.56
948,module_73,team_building,97.85,9.84,79.77
949,module_36,company_info,51.94,7.52,58.24
950,module_32,company_info,85.02,6.8,90.57
951,module_95,team_building,58.36,9.71,64.65
952,module_25,team_building,68.38,12.67,57.15
953,module_70,team_building,78.34,11.39,32.8
954,module_17,team_building,53.36,10.76,32.6
955,module_65,videos,94.08,13.24,41.5
956,module_15,introduction,74.63,11.27,95.09
957,module_9,team_building,64.13,5.57,86.82
958,module_26,introduction,72.0,7.92,76.74
959,module_62,videos,115.79,11.72,79.5
960,module_99,team_building,92.13,9.83,70.63
961,module_36,team_building,52.58,10.05,48.53
962,module_14,company_info,103.11,13.43,7.45
963,module_42,company_info,82.66,7.16,50.21
964,module_15,introduction,40.63,12.4,59.2
965,module_49,team_building,103.29,12.92,44.17
966,module_84,introduction,85.22,8.31,39.41
967,module_44,company_info,48.65,7.18,111.06
968,module_91,company_info,91.47,10.97,49.95
969,module_52,team_building,58.94,8.99,31.16
970,module_40,introduction,82.23,6.61,47.67
971,module_36,videos,91.32,8.96,41.59
972,module_21,introduction,59.82,12.1,77.09
973,module_92,team_building,101.12,10.21,48.72
974,module_57,company_info,65.12,10.77,38.49
975,module_40,introduction,114.71,8.69,53.43
976,module_46,introduction,74.02,10.32,31.47
977,module_84,company_info,30.04,10.79,65.01
978,module_35,team_building,44.64,9.98,98.37
979,module_67,team_building,77.76,11.41,51.33
980,module_60,videos,67.37,9.95,27.37
981,module_42,company_info,90.63,11.04,80.07
982,module_12,introduction,70.26,9.68,40.19
983,module_3,videos,62.38,10.77,44.11
984,module_13,team_building,50.89,9.91,66.38
985,module_48,videos,47.41,10.88,59.93
986,module_18,team_building,48.58,13.03,68.31
987,module_64,videos,76.91,10.14,62.9
988,module_83,videos,82.35,12.91,52.64
989,module_6,company_info,97.84,13.88,32.37
990,module_19,videos,40.84,9.32,64.07
991,module_55,company_info,93.01,12.17,19.35
992,module_34,team_building,65.17,11.58,75.37
993,module_41,team_building,91.79,8.76,68.74
994,module_93,videos,74.5,9.97,33.37
995,module_66,company_info,72.86,9.01,72.22
996,module_61,introduction,52.99,7.47,53.75
997,module_71,videos,41.43,10.69,84.06
998,module_48,videos,64.49,11.0,66.75
999,module_66,company_info,48.26,10.19,33.88
1000,module_5,videos,71.85,6.75,54.23
